Filename,True_Label,Predicted_Label,Prediction_Confidence
glioma/Te-glTr_0000.jpg,glioma,glioma,0.99999845
glioma/Te-glTr_0001.jpg,glioma,glioma,0.99999905
glioma/Te-glTr_0002.jpg,glioma,glioma,0.9999995
glioma/Te-glTr_0003.jpg,glioma,glioma,0.9984892
glioma/Te-glTr_0004.jpg,glioma,glioma,0.99992836
glioma/Te-glTr_0005.jpg,glioma,glioma,0.99993837
glioma/Te-glTr_0006.jpg,glioma,glioma,0.99995303
glioma/Te-glTr_0007.jpg,glioma,glioma,0.99999976
glioma/Te-glTr_0008.jpg,glioma,glioma,0.9999944
glioma/Te-glTr_0009.jpg,glioma,glioma,0.99999654
glioma/Te-gl_0010.jpg,glioma,glioma,0.9998444
glioma/Te-gl_0011.jpg,glioma,glioma,0.99983025
glioma/Te-gl_0012.jpg,glioma,glioma,0.99996525
glioma/Te-gl_0013.jpg,glioma,glioma,0.9999888
glioma/Te-gl_0014.jpg,glioma,glioma,0.9999995
glioma/Te-gl_0015.jpg,glioma,glioma,0.9999551
glioma/Te-gl_0016.jpg,glioma,glioma,0.9999995
glioma/Te-gl_0017.jpg,glioma,glioma,0.9999995
glioma/Te-gl_0018.jpg,glioma,glioma,0.9999951
glioma/Te-gl_0019.jpg,glioma,glioma,0.999296
glioma/Te-gl_0020.jpg,glioma,glioma,0.9999348
glioma/Te-gl_0021.jpg,glioma,glioma,0.9999987
glioma/Te-gl_0022.jpg,glioma,glioma,0.99989945
glioma/Te-gl_0023.jpg,glioma,glioma,0.98715883
glioma/Te-gl_0024.jpg,glioma,glioma,0.9998967
glioma/Te-gl_0025.jpg,glioma,glioma,1.0
glioma/Te-gl_0026.jpg,glioma,glioma,0.9999995
glioma/Te-gl_0027.jpg,glioma,glioma,1.0
glioma/Te-gl_0028.jpg,glioma,glioma,0.9992808
glioma/Te-gl_0029.jpg,glioma,glioma,0.9998967
glioma/Te-gl_0030.jpg,glioma,glioma,0.9999599
glioma/Te-gl_0031.jpg,glioma,glioma,0.9999999
glioma/Te-gl_0032.jpg,glioma,glioma,0.99999964
glioma/Te-gl_0033.jpg,glioma,glioma,0.99999714
glioma/Te-gl_0034.jpg,glioma,glioma,0.9999981
glioma/Te-gl_0035.jpg,glioma,glioma,0.99999964
glioma/Te-gl_0036.jpg,glioma,glioma,0.99999905
glioma/Te-gl_0037.jpg,glioma,glioma,0.9999429
glioma/Te-gl_0038.jpg,glioma,glioma,0.99999905
glioma/Te-gl_0039.jpg,glioma,glioma,0.99999964
glioma/Te-gl_0040.jpg,glioma,glioma,0.9999968
glioma/Te-gl_0041.jpg,glioma,glioma,1.0
glioma/Te-gl_0042.jpg,glioma,glioma,0.99999714
glioma/Te-gl_0043.jpg,glioma,glioma,0.9996853
glioma/Te-gl_0044.jpg,glioma,glioma,0.99855703
glioma/Te-gl_0045.jpg,glioma,glioma,0.9961325
glioma/Te-gl_0046.jpg,glioma,glioma,0.99985534
glioma/Te-gl_0047.jpg,glioma,glioma,0.9997668
glioma/Te-gl_0048.jpg,glioma,glioma,0.9992577
glioma/Te-gl_0049.jpg,glioma,glioma,0.9999486
glioma/Te-gl_0050.jpg,glioma,glioma,0.9999372
glioma/Te-gl_0051.jpg,glioma,glioma,0.9999968
glioma/Te-gl_0052.jpg,glioma,glioma,0.9999993
glioma/Te-gl_0053.jpg,glioma,glioma,0.99999666
glioma/Te-gl_0054.jpg,glioma,glioma,0.99999857
glioma/Te-gl_0055.jpg,glioma,glioma,0.99999976
glioma/Te-gl_0056.jpg,glioma,glioma,0.9999999
glioma/Te-gl_0057.jpg,glioma,glioma,0.9999189
glioma/Te-gl_0058.jpg,glioma,glioma,0.9999994
glioma/Te-gl_0059.jpg,glioma,glioma,1.0
glioma/Te-gl_0060.jpg,glioma,glioma,0.9999999
glioma/Te-gl_0061.jpg,glioma,glioma,0.999992
glioma/Te-gl_0062.jpg,glioma,glioma,1.0
glioma/Te-gl_0063.jpg,glioma,glioma,0.99999964
glioma/Te-gl_0064.jpg,glioma,glioma,0.9999995
glioma/Te-gl_0065.jpg,glioma,glioma,0.9999993
glioma/Te-gl_0066.jpg,glioma,glioma,0.9999999
glioma/Te-gl_0067.jpg,glioma,glioma,0.9999995
glioma/Te-gl_0068.jpg,glioma,glioma,0.99999845
glioma/Te-gl_0069.jpg,glioma,glioma,0.9999856
glioma/Te-gl_0070.jpg,glioma,glioma,0.99999833
glioma/Te-gl_0071.jpg,glioma,glioma,0.9999999
glioma/Te-gl_0072.jpg,glioma,glioma,0.9999968
glioma/Te-gl_0073.jpg,glioma,glioma,0.99991757
glioma/Te-gl_0074.jpg,glioma,glioma,0.99999845
glioma/Te-gl_0075.jpg,glioma,glioma,0.9999999
glioma/Te-gl_0076.jpg,glioma,glioma,0.9999989
glioma/Te-gl_0077.jpg,glioma,glioma,0.99998474
glioma/Te-gl_0078.jpg,glioma,glioma,0.99999845
glioma/Te-gl_0079.jpg,glioma,glioma,0.9999748
glioma/Te-gl_0080.jpg,glioma,glioma,0.9999896
glioma/Te-gl_0081.jpg,glioma,glioma,0.98366916
glioma/Te-gl_0082.jpg,glioma,glioma,0.9999999
glioma/Te-gl_0083.jpg,glioma,glioma,0.99992657
glioma/Te-gl_0084.jpg,glioma,glioma,0.9996547
glioma/Te-gl_0085.jpg,glioma,glioma,0.9999889
glioma/Te-gl_0086.jpg,glioma,glioma,0.9999912
glioma/Te-gl_0087.jpg,glioma,glioma,0.9999655
glioma/Te-gl_0088.jpg,glioma,glioma,0.9999933
glioma/Te-gl_0089.jpg,glioma,glioma,0.99304456
glioma/Te-gl_0090.jpg,glioma,glioma,0.9999969
glioma/Te-gl_0091.jpg,glioma,glioma,0.9999914
glioma/Te-gl_0092.jpg,glioma,glioma,0.99994755
glioma/Te-gl_0093.jpg,glioma,glioma,0.9998282
glioma/Te-gl_0094.jpg,glioma,glioma,0.99891436
glioma/Te-gl_0095.jpg,glioma,glioma,0.99999785
glioma/Te-gl_0096.jpg,glioma,glioma,0.99997836
glioma/Te-gl_0097.jpg,glioma,glioma,0.99999547
glioma/Te-gl_0098.jpg,glioma,glioma,0.99999857
glioma/Te-gl_0099.jpg,glioma,glioma,0.9980039
glioma/Te-gl_0100.jpg,glioma,glioma,0.99998987
glioma/Te-gl_0101.jpg,glioma,glioma,0.9996383
glioma/Te-gl_0102.jpg,glioma,glioma,0.99997
glioma/Te-gl_0103.jpg,glioma,glioma,0.9997535
glioma/Te-gl_0104.jpg,glioma,glioma,0.999998
glioma/Te-gl_0105.jpg,glioma,glioma,0.9999731
glioma/Te-gl_0106.jpg,glioma,glioma,0.99101985
glioma/Te-gl_0107.jpg,glioma,glioma,0.99659395
glioma/Te-gl_0108.jpg,glioma,glioma,0.99999774
glioma/Te-gl_0109.jpg,glioma,glioma,0.9947359
glioma/Te-gl_0110.jpg,glioma,glioma,0.999955
glioma/Te-gl_0111.jpg,glioma,glioma,0.9999956
glioma/Te-gl_0112.jpg,glioma,glioma,0.99999976
glioma/Te-gl_0113.jpg,glioma,glioma,0.99998546
glioma/Te-gl_0114.jpg,glioma,glioma,0.57649034
glioma/Te-gl_0115.jpg,glioma,glioma,0.9999907
glioma/Te-gl_0116.jpg,glioma,glioma,0.9999982
glioma/Te-gl_0117.jpg,glioma,glioma,0.99999917
glioma/Te-gl_0118.jpg,glioma,glioma,0.9995931
glioma/Te-gl_0119.jpg,glioma,glioma,0.99987876
glioma/Te-gl_0120.jpg,glioma,glioma,0.9999988
glioma/Te-gl_0121.jpg,glioma,glioma,0.9999995
glioma/Te-gl_0122.jpg,glioma,glioma,0.9999704
glioma/Te-gl_0123.jpg,glioma,glioma,0.99999976
glioma/Te-gl_0124.jpg,glioma,glioma,0.9999999
glioma/Te-gl_0125.jpg,glioma,glioma,0.9999756
glioma/Te-gl_0126.jpg,glioma,glioma,0.9995491
glioma/Te-gl_0127.jpg,glioma,glioma,1.0
glioma/Te-gl_0128.jpg,glioma,glioma,1.0
glioma/Te-gl_0129.jpg,glioma,glioma,0.9999989
glioma/Te-gl_0130.jpg,glioma,glioma,0.99998605
glioma/Te-gl_0131.jpg,glioma,glioma,0.99999964
glioma/Te-gl_0132.jpg,glioma,glioma,0.9999994
glioma/Te-gl_0133.jpg,glioma,glioma,0.99999714
glioma/Te-gl_0134.jpg,glioma,glioma,0.99999976
glioma/Te-gl_0135.jpg,glioma,glioma,0.99999964
glioma/Te-gl_0136.jpg,glioma,glioma,0.9999817
glioma/Te-gl_0137.jpg,glioma,glioma,0.99999166
glioma/Te-gl_0138.jpg,glioma,glioma,0.99999416
glioma/Te-gl_0139.jpg,glioma,glioma,0.99999654
glioma/Te-gl_0140.jpg,glioma,glioma,0.99999845
glioma/Te-gl_0141.jpg,glioma,glioma,0.9999981
glioma/Te-gl_0142.jpg,glioma,glioma,0.99999774
glioma/Te-gl_0143.jpg,glioma,glioma,0.9998851
glioma/Te-gl_0144.jpg,glioma,glioma,0.9999994
glioma/Te-gl_0145.jpg,glioma,glioma,0.99999166
glioma/Te-gl_0146.jpg,glioma,glioma,0.99999094
glioma/Te-gl_0147.jpg,glioma,glioma,0.9999993
glioma/Te-gl_0148.jpg,glioma,glioma,0.99999917
glioma/Te-gl_0149.jpg,glioma,glioma,1.0
glioma/Te-gl_0150.jpg,glioma,glioma,0.9999023
glioma/Te-gl_0151.jpg,glioma,glioma,0.9999994
glioma/Te-gl_0152.jpg,glioma,glioma,0.9996601
glioma/Te-gl_0153.jpg,glioma,glioma,0.9999995
glioma/Te-gl_0154.jpg,glioma,glioma,0.99999833
glioma/Te-gl_0155.jpg,glioma,glioma,0.9999982
glioma/Te-gl_0156.jpg,glioma,glioma,0.99905974
glioma/Te-gl_0157.jpg,glioma,glioma,0.99999857
glioma/Te-gl_0158.jpg,glioma,glioma,0.9576372
glioma/Te-gl_0159.jpg,glioma,glioma,0.9998219
glioma/Te-gl_0160.jpg,glioma,glioma,0.9999995
glioma/Te-gl_0161.jpg,glioma,glioma,0.9999987
glioma/Te-gl_0162.jpg,glioma,glioma,0.99999595
glioma/Te-gl_0163.jpg,glioma,glioma,0.99988544
glioma/Te-gl_0164.jpg,glioma,glioma,0.9999963
glioma/Te-gl_0165.jpg,glioma,glioma,0.99999917
glioma/Te-gl_0166.jpg,glioma,glioma,0.99999845
glioma/Te-gl_0167.jpg,glioma,glioma,0.9999632
glioma/Te-gl_0168.jpg,glioma,glioma,0.9919406
glioma/Te-gl_0169.jpg,glioma,glioma,0.9973079
glioma/Te-gl_0170.jpg,glioma,glioma,0.999998
glioma/Te-gl_0171.jpg,glioma,glioma,0.9999976
glioma/Te-gl_0172.jpg,glioma,glioma,0.99998486
glioma/Te-gl_0173.jpg,glioma,glioma,0.9999958
glioma/Te-gl_0174.jpg,glioma,glioma,0.9998942
glioma/Te-gl_0175.jpg,glioma,glioma,0.99999774
glioma/Te-gl_0176.jpg,glioma,glioma,0.9999999
glioma/Te-gl_0177.jpg,glioma,glioma,0.9999793
glioma/Te-gl_0178.jpg,glioma,glioma,0.9998372
glioma/Te-gl_0179.jpg,glioma,glioma,0.99999917
glioma/Te-gl_0180.jpg,glioma,glioma,0.9999994
glioma/Te-gl_0181.jpg,glioma,glioma,0.9999995
glioma/Te-gl_0182.jpg,glioma,glioma,0.9999981
glioma/Te-gl_0183.jpg,glioma,glioma,0.9999993
glioma/Te-gl_0184.jpg,glioma,glioma,0.99998087
glioma/Te-gl_0185.jpg,glioma,glioma,0.99999833
glioma/Te-gl_0186.jpg,glioma,glioma,0.99999785
glioma/Te-gl_0187.jpg,glioma,glioma,0.9999993
glioma/Te-gl_0188.jpg,glioma,glioma,0.9999988
glioma/Te-gl_0189.jpg,glioma,glioma,0.9999876
glioma/Te-gl_0190.jpg,glioma,glioma,0.9999723
glioma/Te-gl_0191.jpg,glioma,glioma,0.99999
glioma/Te-gl_0192.jpg,glioma,glioma,0.9999335
glioma/Te-gl_0193.jpg,glioma,glioma,0.999998
glioma/Te-gl_0194.jpg,glioma,glioma,0.9999999
glioma/Te-gl_0195.jpg,glioma,glioma,0.9999875
glioma/Te-gl_0196.jpg,glioma,glioma,0.9999969
glioma/Te-gl_0197.jpg,glioma,glioma,0.9998201
glioma/Te-gl_0198.jpg,glioma,glioma,0.99990493
glioma/Te-gl_0199.jpg,glioma,glioma,0.99997824
glioma/Te-gl_0200.jpg,glioma,glioma,0.9999926
glioma/Te-gl_0201.jpg,glioma,glioma,0.9999914
glioma/Te-gl_0202.jpg,glioma,glioma,0.9999711
glioma/Te-gl_0203.jpg,glioma,glioma,0.9999938
glioma/Te-gl_0204.jpg,glioma,glioma,0.999997
glioma/Te-gl_0205.jpg,glioma,glioma,0.9999988
glioma/Te-gl_0206.jpg,glioma,glioma,0.9999824
glioma/Te-gl_0207.jpg,glioma,glioma,0.999997
glioma/Te-gl_0208.jpg,glioma,glioma,0.9999619
glioma/Te-gl_0209.jpg,glioma,glioma,0.99999833
glioma/Te-gl_0210.jpg,glioma,glioma,0.9999999
glioma/Te-gl_0211.jpg,glioma,glioma,0.9999995
glioma/Te-gl_0212.jpg,glioma,glioma,0.9999995
glioma/Te-gl_0213.jpg,glioma,glioma,0.999995
glioma/Te-gl_0214.jpg,glioma,glioma,0.9999999
glioma/Te-gl_0215.jpg,glioma,glioma,1.0
glioma/Te-gl_0216.jpg,glioma,glioma,0.99999976
glioma/Te-gl_0217.jpg,glioma,glioma,0.99999857
glioma/Te-gl_0218.jpg,glioma,glioma,0.9999993
glioma/Te-gl_0219.jpg,glioma,glioma,0.99999785
glioma/Te-gl_0220.jpg,glioma,glioma,0.99999976
glioma/Te-gl_0221.jpg,glioma,glioma,0.99991304
glioma/Te-gl_0222.jpg,glioma,glioma,0.9999818
glioma/Te-gl_0223.jpg,glioma,glioma,0.99999475
glioma/Te-gl_0224.jpg,glioma,glioma,0.9999816
glioma/Te-gl_0225.jpg,glioma,glioma,0.9995694
glioma/Te-gl_0226.jpg,glioma,glioma,0.9999956
glioma/Te-gl_0227.jpg,glioma,glioma,0.99999714
glioma/Te-gl_0228.jpg,glioma,glioma,0.99999905
glioma/Te-gl_0229.jpg,glioma,glioma,0.9999312
glioma/Te-gl_0230.jpg,glioma,glioma,0.99976313
glioma/Te-gl_0231.jpg,glioma,glioma,0.9995228
glioma/Te-gl_0232.jpg,glioma,glioma,0.9734251
glioma/Te-gl_0233.jpg,glioma,glioma,0.9765499
glioma/Te-gl_0234.jpg,glioma,glioma,0.9930937
glioma/Te-gl_0235.jpg,glioma,glioma,0.99988556
glioma/Te-gl_0236.jpg,glioma,glioma,0.99994314
glioma/Te-gl_0237.jpg,glioma,glioma,0.9964137
glioma/Te-gl_0238.jpg,glioma,glioma,0.999699
glioma/Te-gl_0239.jpg,glioma,glioma,0.70586354
glioma/Te-gl_0240.jpg,glioma,glioma,0.99999523
glioma/Te-gl_0241.jpg,glioma,glioma,0.99996847
glioma/Te-gl_0242.jpg,glioma,glioma,0.999312
glioma/Te-gl_0243.jpg,glioma,glioma,0.9998607
glioma/Te-gl_0244.jpg,glioma,glioma,0.9997091
glioma/Te-gl_0245.jpg,glioma,glioma,0.9999305
glioma/Te-gl_0246.jpg,glioma,glioma,0.9999562
glioma/Te-gl_0247.jpg,glioma,glioma,0.9996376
glioma/Te-gl_0248.jpg,glioma,glioma,0.99983984
glioma/Te-gl_0249.jpg,glioma,glioma,0.999852
glioma/Te-gl_0250.jpg,glioma,glioma,0.9999836
glioma/Te-gl_0251.jpg,glioma,glioma,0.999992
glioma/Te-gl_0252.jpg,glioma,glioma,0.9993591
glioma/Te-gl_0253.jpg,glioma,glioma,0.99851304
glioma/Te-gl_0254.jpg,glioma,glioma,0.99969494
glioma/Te-gl_0255.jpg,glioma,glioma,0.9998869
glioma/Te-gl_0256.jpg,glioma,glioma,0.99998724
glioma/Te-gl_0257.jpg,glioma,glioma,0.9998257
glioma/Te-gl_0258.jpg,glioma,glioma,0.99914074
glioma/Te-gl_0259.jpg,glioma,meningioma,0.9988884
glioma/Te-gl_0260.jpg,glioma,glioma,0.99793005
glioma/Te-gl_0261.jpg,glioma,glioma,0.97874343
glioma/Te-gl_0262.jpg,glioma,glioma,0.99907184
glioma/Te-gl_0263.jpg,glioma,glioma,0.52942497
glioma/Te-gl_0264.jpg,glioma,meningioma,0.8244416
glioma/Te-gl_0265.jpg,glioma,glioma,0.93318915
glioma/Te-gl_0266.jpg,glioma,glioma,0.9999694
glioma/Te-gl_0267.jpg,glioma,glioma,0.9995443
glioma/Te-gl_0268.jpg,glioma,glioma,0.76604265
glioma/Te-gl_0269.jpg,glioma,glioma,0.9999894
glioma/Te-gl_0270.jpg,glioma,glioma,0.99997133
glioma/Te-gl_0271.jpg,glioma,glioma,0.9942067
glioma/Te-gl_0272.jpg,glioma,glioma,0.99857193
glioma/Te-gl_0273.jpg,glioma,glioma,0.9999792
glioma/Te-gl_0274.jpg,glioma,glioma,0.99999285
glioma/Te-gl_0275.jpg,glioma,glioma,0.99936646
glioma/Te-gl_0276.jpg,glioma,glioma,0.99992454
glioma/Te-gl_0277.jpg,glioma,glioma,0.9992848
glioma/Te-gl_0278.jpg,glioma,glioma,0.9999285
glioma/Te-gl_0279.jpg,glioma,glioma,0.99989045
glioma/Te-gl_0280.jpg,glioma,glioma,0.99986625
glioma/Te-gl_0281.jpg,glioma,glioma,0.9995737
glioma/Te-gl_0282.jpg,glioma,glioma,0.9997531
glioma/Te-gl_0283.jpg,glioma,glioma,0.9998947
glioma/Te-gl_0284.jpg,glioma,glioma,0.99998075
glioma/Te-gl_0285.jpg,glioma,glioma,0.99978894
glioma/Te-gl_0286.jpg,glioma,glioma,0.9999981
glioma/Te-gl_0287.jpg,glioma,glioma,0.9999836
glioma/Te-gl_0288.jpg,glioma,glioma,0.9996214
glioma/Te-gl_0289.jpg,glioma,glioma,0.9951333
glioma/Te-gl_0290.jpg,glioma,glioma,0.99992514
glioma/Te-gl_0291.jpg,glioma,glioma,0.9999164
glioma/Te-gl_0292.jpg,glioma,glioma,0.99999285
glioma/Te-gl_0293.jpg,glioma,glioma,0.9996376
glioma/Te-gl_0294.jpg,glioma,glioma,0.99999964
glioma/Te-gl_0295.jpg,glioma,glioma,0.9997216
glioma/Te-gl_0296.jpg,glioma,glioma,0.9999976
glioma/Te-gl_0297.jpg,glioma,glioma,0.9999937
glioma/Te-gl_0298.jpg,glioma,glioma,0.99999917
glioma/Te-gl_0299.jpg,glioma,glioma,0.9999362
meningioma/Te-meTr_0000.jpg,meningioma,meningioma,0.9999687
meningioma/Te-meTr_0001.jpg,meningioma,meningioma,0.9972546
meningioma/Te-meTr_0002.jpg,meningioma,meningioma,0.9984039
meningioma/Te-meTr_0003.jpg,meningioma,meningioma,0.999375
meningioma/Te-meTr_0004.jpg,meningioma,meningioma,0.9999937
meningioma/Te-meTr_0005.jpg,meningioma,meningioma,0.99995774
meningioma/Te-meTr_0006.jpg,meningioma,meningioma,0.99999714
meningioma/Te-meTr_0007.jpg,meningioma,glioma,0.8228624
meningioma/Te-meTr_0008.jpg,meningioma,meningioma,0.9981643
meningioma/Te-meTr_0009.jpg,meningioma,meningioma,0.99962866
meningioma/Te-me_0010.jpg,meningioma,meningioma,0.9997968
meningioma/Te-me_0011.jpg,meningioma,meningioma,0.914839
meningioma/Te-me_0012.jpg,meningioma,meningioma,0.99998593
meningioma/Te-me_0013.jpg,meningioma,meningioma,0.9999152
meningioma/Te-me_0014.jpg,meningioma,meningioma,0.99998796
meningioma/Te-me_0015.jpg,meningioma,meningioma,0.9991626
meningioma/Te-me_0016.jpg,meningioma,meningioma,0.99982953
meningioma/Te-me_0017.jpg,meningioma,meningioma,0.99999475
meningioma/Te-me_0018.jpg,meningioma,meningioma,0.99900395
meningioma/Te-me_0019.jpg,meningioma,meningioma,0.98272324
meningioma/Te-me_0020.jpg,meningioma,meningioma,0.99998444
meningioma/Te-me_0021.jpg,meningioma,meningioma,0.9999843
meningioma/Te-me_0022.jpg,meningioma,meningioma,0.9999601
meningioma/Te-me_0023.jpg,meningioma,meningioma,0.9999749
meningioma/Te-me_0024.jpg,meningioma,meningioma,0.9996425
meningioma/Te-me_0025.jpg,meningioma,meningioma,0.9999492
meningioma/Te-me_0026.jpg,meningioma,meningioma,0.999834
meningioma/Te-me_0027.jpg,meningioma,meningioma,0.999565
meningioma/Te-me_0028.jpg,meningioma,meningioma,0.9999881
meningioma/Te-me_0029.jpg,meningioma,meningioma,0.9999976
meningioma/Te-me_0030.jpg,meningioma,meningioma,0.99999535
meningioma/Te-me_0031.jpg,meningioma,meningioma,0.9997968
meningioma/Te-me_0032.jpg,meningioma,meningioma,0.9775006
meningioma/Te-me_0033.jpg,meningioma,meningioma,0.9998249
meningioma/Te-me_0034.jpg,meningioma,meningioma,0.99993277
meningioma/Te-me_0035.jpg,meningioma,meningioma,0.99995196
meningioma/Te-me_0036.jpg,meningioma,meningioma,0.9999842
meningioma/Te-me_0037.jpg,meningioma,meningioma,0.9975668
meningioma/Te-me_0038.jpg,meningioma,meningioma,0.9976746
meningioma/Te-me_0039.jpg,meningioma,meningioma,0.9997168
meningioma/Te-me_0040.jpg,meningioma,meningioma,0.9997647
meningioma/Te-me_0041.jpg,meningioma,meningioma,0.9998397
meningioma/Te-me_0042.jpg,meningioma,meningioma,0.9998415
meningioma/Te-me_0043.jpg,meningioma,meningioma,0.99994624
meningioma/Te-me_0044.jpg,meningioma,meningioma,0.9795552
meningioma/Te-me_0045.jpg,meningioma,meningioma,0.9998457
meningioma/Te-me_0046.jpg,meningioma,meningioma,0.99452674
meningioma/Te-me_0047.jpg,meningioma,meningioma,0.98923784
meningioma/Te-me_0048.jpg,meningioma,meningioma,0.9999704
meningioma/Te-me_0049.jpg,meningioma,meningioma,0.99894494
meningioma/Te-me_0050.jpg,meningioma,meningioma,0.9956135
meningioma/Te-me_0051.jpg,meningioma,meningioma,0.9966302
meningioma/Te-me_0052.jpg,meningioma,meningioma,0.9911955
meningioma/Te-me_0053.jpg,meningioma,meningioma,0.9909712
meningioma/Te-me_0054.jpg,meningioma,meningioma,0.99985474
meningioma/Te-me_0055.jpg,meningioma,meningioma,0.9998876
meningioma/Te-me_0056.jpg,meningioma,meningioma,0.99951625
meningioma/Te-me_0057.jpg,meningioma,meningioma,0.99534863
meningioma/Te-me_0058.jpg,meningioma,meningioma,0.99950016
meningioma/Te-me_0059.jpg,meningioma,meningioma,0.9996214
meningioma/Te-me_0060.jpg,meningioma,meningioma,0.9980433
meningioma/Te-me_0061.jpg,meningioma,meningioma,0.9999895
meningioma/Te-me_0062.jpg,meningioma,meningioma,0.99995255
meningioma/Te-me_0063.jpg,meningioma,meningioma,0.9990171
meningioma/Te-me_0064.jpg,meningioma,meningioma,0.9777316
meningioma/Te-me_0065.jpg,meningioma,meningioma,0.99829745
meningioma/Te-me_0066.jpg,meningioma,meningioma,0.9564042
meningioma/Te-me_0067.jpg,meningioma,meningioma,0.9988986
meningioma/Te-me_0068.jpg,meningioma,meningioma,0.999731
meningioma/Te-me_0069.jpg,meningioma,meningioma,0.9999811
meningioma/Te-me_0070.jpg,meningioma,meningioma,0.99966174
meningioma/Te-me_0071.jpg,meningioma,meningioma,0.9995288
meningioma/Te-me_0072.jpg,meningioma,meningioma,0.9999411
meningioma/Te-me_0073.jpg,meningioma,meningioma,0.9995288
meningioma/Te-me_0074.jpg,meningioma,meningioma,0.9999748
meningioma/Te-me_0075.jpg,meningioma,meningioma,0.9998935
meningioma/Te-me_0076.jpg,meningioma,meningioma,0.9999799
meningioma/Te-me_0077.jpg,meningioma,meningioma,0.99984163
meningioma/Te-me_0078.jpg,meningioma,meningioma,0.9999273
meningioma/Te-me_0079.jpg,meningioma,meningioma,0.9965024
meningioma/Te-me_0080.jpg,meningioma,meningioma,0.997748
meningioma/Te-me_0081.jpg,meningioma,meningioma,0.9384316
meningioma/Te-me_0082.jpg,meningioma,meningioma,0.9998571
meningioma/Te-me_0083.jpg,meningioma,meningioma,0.99990934
meningioma/Te-me_0084.jpg,meningioma,meningioma,0.9999003
meningioma/Te-me_0085.jpg,meningioma,meningioma,0.9999896
meningioma/Te-me_0086.jpg,meningioma,meningioma,0.99991935
meningioma/Te-me_0087.jpg,meningioma,meningioma,0.99987257
meningioma/Te-me_0088.jpg,meningioma,meningioma,0.99999607
meningioma/Te-me_0089.jpg,meningioma,meningioma,0.999971
meningioma/Te-me_0090.jpg,meningioma,meningioma,0.99998456
meningioma/Te-me_0091.jpg,meningioma,meningioma,0.9999995
meningioma/Te-me_0092.jpg,meningioma,meningioma,0.9954368
meningioma/Te-me_0093.jpg,meningioma,meningioma,0.9958174
meningioma/Te-me_0094.jpg,meningioma,meningioma,0.9996596
meningioma/Te-me_0095.jpg,meningioma,meningioma,0.9999569
meningioma/Te-me_0096.jpg,meningioma,meningioma,0.99986
meningioma/Te-me_0097.jpg,meningioma,meningioma,0.9996797
meningioma/Te-me_0098.jpg,meningioma,meningioma,0.9999969
meningioma/Te-me_0099.jpg,meningioma,meningioma,0.99762964
meningioma/Te-me_0100.jpg,meningioma,meningioma,0.94914925
meningioma/Te-me_0101.jpg,meningioma,meningioma,0.9999964
meningioma/Te-me_0102.jpg,meningioma,meningioma,0.9988271
meningioma/Te-me_0103.jpg,meningioma,meningioma,0.9999393
meningioma/Te-me_0104.jpg,meningioma,meningioma,0.9999863
meningioma/Te-me_0105.jpg,meningioma,meningioma,0.9996401
meningioma/Te-me_0106.jpg,meningioma,meningioma,0.9992469
meningioma/Te-me_0107.jpg,meningioma,meningioma,0.999981
meningioma/Te-me_0108.jpg,meningioma,meningioma,0.999388
meningioma/Te-me_0109.jpg,meningioma,meningioma,0.9998948
meningioma/Te-me_0110.jpg,meningioma,meningioma,0.99925923
meningioma/Te-me_0111.jpg,meningioma,meningioma,0.9997265
meningioma/Te-me_0112.jpg,meningioma,meningioma,0.99963665
meningioma/Te-me_0113.jpg,meningioma,meningioma,0.9999117
meningioma/Te-me_0114.jpg,meningioma,meningioma,0.99964845
meningioma/Te-me_0115.jpg,meningioma,meningioma,0.9950163
meningioma/Te-me_0116.jpg,meningioma,meningioma,0.99857515
meningioma/Te-me_0117.jpg,meningioma,meningioma,0.99994457
meningioma/Te-me_0118.jpg,meningioma,meningioma,0.9402263
meningioma/Te-me_0119.jpg,meningioma,meningioma,0.9999291
meningioma/Te-me_0120.jpg,meningioma,meningioma,0.8554761
meningioma/Te-me_0121.jpg,meningioma,meningioma,0.9999545
meningioma/Te-me_0122.jpg,meningioma,meningioma,0.852917
meningioma/Te-me_0123.jpg,meningioma,meningioma,0.99979967
meningioma/Te-me_0124.jpg,meningioma,meningioma,0.99687195
meningioma/Te-me_0125.jpg,meningioma,meningioma,0.99985987
meningioma/Te-me_0126.jpg,meningioma,meningioma,0.9993129
meningioma/Te-me_0127.jpg,meningioma,meningioma,0.99997956
meningioma/Te-me_0128.jpg,meningioma,meningioma,0.99990636
meningioma/Te-me_0129.jpg,meningioma,meningioma,0.99984545
meningioma/Te-me_0130.jpg,meningioma,meningioma,0.9999285
meningioma/Te-me_0131.jpg,meningioma,meningioma,0.99608123
meningioma/Te-me_0132.jpg,meningioma,meningioma,0.99991876
meningioma/Te-me_0133.jpg,meningioma,meningioma,0.9994596
meningioma/Te-me_0134.jpg,meningioma,meningioma,0.99996537
meningioma/Te-me_0135.jpg,meningioma,meningioma,0.9999626
meningioma/Te-me_0136.jpg,meningioma,meningioma,0.9872375
meningioma/Te-me_0137.jpg,meningioma,meningioma,0.99926305
meningioma/Te-me_0138.jpg,meningioma,meningioma,0.99996215
meningioma/Te-me_0139.jpg,meningioma,meningioma,0.9999478
meningioma/Te-me_0140.jpg,meningioma,meningioma,0.9984039
meningioma/Te-me_0141.jpg,meningioma,meningioma,0.99961776
meningioma/Te-me_0142.jpg,meningioma,meningioma,0.9994146
meningioma/Te-me_0143.jpg,meningioma,meningioma,0.9992469
meningioma/Te-me_0144.jpg,meningioma,meningioma,0.9998961
meningioma/Te-me_0145.jpg,meningioma,meningioma,0.99925923
meningioma/Te-me_0146.jpg,meningioma,meningioma,0.9997733
meningioma/Te-me_0147.jpg,meningioma,meningioma,0.9999522
meningioma/Te-me_0148.jpg,meningioma,meningioma,0.99776804
meningioma/Te-me_0149.jpg,meningioma,meningioma,0.9995047
meningioma/Te-me_0150.jpg,meningioma,meningioma,0.9982496
meningioma/Te-me_0151.jpg,meningioma,meningioma,0.9999906
meningioma/Te-me_0152.jpg,meningioma,meningioma,0.9999491
meningioma/Te-me_0153.jpg,meningioma,meningioma,0.998296
meningioma/Te-me_0154.jpg,meningioma,meningioma,0.99995005
meningioma/Te-me_0155.jpg,meningioma,meningioma,0.999931
meningioma/Te-me_0156.jpg,meningioma,meningioma,0.9901327
meningioma/Te-me_0157.jpg,meningioma,meningioma,0.9999982
meningioma/Te-me_0158.jpg,meningioma,meningioma,0.9999644
meningioma/Te-me_0159.jpg,meningioma,meningioma,0.9996069
meningioma/Te-me_0160.jpg,meningioma,meningioma,0.999975
meningioma/Te-me_0161.jpg,meningioma,meningioma,0.9992049
meningioma/Te-me_0162.jpg,meningioma,meningioma,0.9999103
meningioma/Te-me_0163.jpg,meningioma,meningioma,0.9922162
meningioma/Te-me_0164.jpg,meningioma,meningioma,0.99843913
meningioma/Te-me_0165.jpg,meningioma,meningioma,0.97452116
meningioma/Te-me_0166.jpg,meningioma,meningioma,0.99664974
meningioma/Te-me_0167.jpg,meningioma,meningioma,0.99997514
meningioma/Te-me_0168.jpg,meningioma,meningioma,0.9999937
meningioma/Te-me_0169.jpg,meningioma,meningioma,0.9999661
meningioma/Te-me_0170.jpg,meningioma,meningioma,0.9998513
meningioma/Te-me_0171.jpg,meningioma,meningioma,0.9719703
meningioma/Te-me_0172.jpg,meningioma,meningioma,0.9999964
meningioma/Te-me_0173.jpg,meningioma,meningioma,0.9990239
meningioma/Te-me_0174.jpg,meningioma,meningioma,0.99993825
meningioma/Te-me_0175.jpg,meningioma,meningioma,0.99964166
meningioma/Te-me_0176.jpg,meningioma,meningioma,0.9994829
meningioma/Te-me_0177.jpg,meningioma,meningioma,0.9999822
meningioma/Te-me_0178.jpg,meningioma,meningioma,0.9848389
meningioma/Te-me_0179.jpg,meningioma,meningioma,0.99408805
meningioma/Te-me_0180.jpg,meningioma,meningioma,0.999901
meningioma/Te-me_0181.jpg,meningioma,meningioma,0.9395053
meningioma/Te-me_0182.jpg,meningioma,meningioma,0.99990827
meningioma/Te-me_0183.jpg,meningioma,meningioma,0.99991256
meningioma/Te-me_0184.jpg,meningioma,meningioma,0.99999225
meningioma/Te-me_0185.jpg,meningioma,meningioma,0.9999171
meningioma/Te-me_0186.jpg,meningioma,meningioma,0.99992174
meningioma/Te-me_0187.jpg,meningioma,meningioma,0.9999611
meningioma/Te-me_0188.jpg,meningioma,meningioma,0.9998189
meningioma/Te-me_0189.jpg,meningioma,meningioma,0.98561233
meningioma/Te-me_0190.jpg,meningioma,meningioma,0.99919355
meningioma/Te-me_0191.jpg,meningioma,meningioma,0.99987924
meningioma/Te-me_0192.jpg,meningioma,meningioma,0.99959916
meningioma/Te-me_0193.jpg,meningioma,meningioma,0.76741225
meningioma/Te-me_0194.jpg,meningioma,meningioma,0.99973327
meningioma/Te-me_0195.jpg,meningioma,meningioma,0.9999586
meningioma/Te-me_0196.jpg,meningioma,meningioma,0.9990357
meningioma/Te-me_0197.jpg,meningioma,meningioma,0.9989594
meningioma/Te-me_0198.jpg,meningioma,meningioma,0.9997938
meningioma/Te-me_0199.jpg,meningioma,meningioma,0.9989543
meningioma/Te-me_0200.jpg,meningioma,meningioma,0.99992234
meningioma/Te-me_0201.jpg,meningioma,meningioma,0.9996953
meningioma/Te-me_0202.jpg,meningioma,meningioma,0.9998778
meningioma/Te-me_0203.jpg,meningioma,meningioma,0.99994516
meningioma/Te-me_0204.jpg,meningioma,meningioma,0.9996861
meningioma/Te-me_0205.jpg,meningioma,meningioma,0.99924046
meningioma/Te-me_0206.jpg,meningioma,meningioma,0.9999061
meningioma/Te-me_0207.jpg,meningioma,meningioma,0.9841213
meningioma/Te-me_0208.jpg,meningioma,meningioma,0.9996069
meningioma/Te-me_0209.jpg,meningioma,meningioma,0.9995719
meningioma/Te-me_0210.jpg,meningioma,meningioma,0.9998877
meningioma/Te-me_0211.jpg,meningioma,meningioma,0.9998321
meningioma/Te-me_0212.jpg,meningioma,meningioma,0.9998507
meningioma/Te-me_0213.jpg,meningioma,meningioma,0.99957454
meningioma/Te-me_0214.jpg,meningioma,meningioma,0.9998125
meningioma/Te-me_0215.jpg,meningioma,meningioma,0.9984973
meningioma/Te-me_0216.jpg,meningioma,meningioma,0.9995324
meningioma/Te-me_0217.jpg,meningioma,meningioma,0.9999692
meningioma/Te-me_0218.jpg,meningioma,meningioma,0.9997776
meningioma/Te-me_0219.jpg,meningioma,meningioma,0.9999933
meningioma/Te-me_0220.jpg,meningioma,meningioma,0.9999443
meningioma/Te-me_0221.jpg,meningioma,meningioma,0.9996671
meningioma/Te-me_0222.jpg,meningioma,meningioma,0.9994589
meningioma/Te-me_0223.jpg,meningioma,meningioma,0.9997241
meningioma/Te-me_0224.jpg,meningioma,meningioma,0.99984044
meningioma/Te-me_0225.jpg,meningioma,meningioma,0.9996215
meningioma/Te-me_0226.jpg,meningioma,meningioma,0.9691678
meningioma/Te-me_0227.jpg,meningioma,meningioma,0.9999269
meningioma/Te-me_0228.jpg,meningioma,meningioma,0.9999766
meningioma/Te-me_0229.jpg,meningioma,meningioma,0.9993096
meningioma/Te-me_0230.jpg,meningioma,meningioma,0.99994934
meningioma/Te-me_0231.jpg,meningioma,meningioma,0.9993756
meningioma/Te-me_0232.jpg,meningioma,meningioma,0.9999768
meningioma/Te-me_0233.jpg,meningioma,meningioma,0.99122417
meningioma/Te-me_0234.jpg,meningioma,meningioma,0.9999613
meningioma/Te-me_0235.jpg,meningioma,meningioma,0.9997981
meningioma/Te-me_0236.jpg,meningioma,meningioma,0.99965864
meningioma/Te-me_0237.jpg,meningioma,meningioma,0.9997905
meningioma/Te-me_0238.jpg,meningioma,meningioma,0.999928
meningioma/Te-me_0239.jpg,meningioma,meningioma,0.9996306
meningioma/Te-me_0240.jpg,meningioma,meningioma,0.99998194
meningioma/Te-me_0241.jpg,meningioma,meningioma,0.9745482
meningioma/Te-me_0242.jpg,meningioma,meningioma,0.9998039
meningioma/Te-me_0243.jpg,meningioma,meningioma,0.99987173
meningioma/Te-me_0244.jpg,meningioma,meningioma,0.9999341
meningioma/Te-me_0245.jpg,meningioma,meningioma,0.99994636
meningioma/Te-me_0246.jpg,meningioma,meningioma,0.99979025
meningioma/Te-me_0247.jpg,meningioma,meningioma,0.9997512
meningioma/Te-me_0248.jpg,meningioma,meningioma,0.9999806
meningioma/Te-me_0249.jpg,meningioma,meningioma,0.9907162
meningioma/Te-me_0250.jpg,meningioma,meningioma,0.99894786
meningioma/Te-me_0251.jpg,meningioma,meningioma,0.99975824
meningioma/Te-me_0252.jpg,meningioma,meningioma,0.99996513
meningioma/Te-me_0253.jpg,meningioma,meningioma,0.981265
meningioma/Te-me_0254.jpg,meningioma,meningioma,0.9976156
meningioma/Te-me_0255.jpg,meningioma,meningioma,0.9999686
meningioma/Te-me_0256.jpg,meningioma,meningioma,0.99958086
meningioma/Te-me_0257.jpg,meningioma,meningioma,0.99977905
meningioma/Te-me_0258.jpg,meningioma,meningioma,0.9997832
meningioma/Te-me_0259.jpg,meningioma,meningioma,0.989708
meningioma/Te-me_0260.jpg,meningioma,meningioma,0.99866307
meningioma/Te-me_0261.jpg,meningioma,meningioma,0.9981607
meningioma/Te-me_0262.jpg,meningioma,meningioma,0.99990445
meningioma/Te-me_0263.jpg,meningioma,meningioma,0.999975
meningioma/Te-me_0264.jpg,meningioma,meningioma,0.9949343
meningioma/Te-me_0265.jpg,meningioma,meningioma,0.99986327
meningioma/Te-me_0266.jpg,meningioma,meningioma,0.99792576
meningioma/Te-me_0267.jpg,meningioma,meningioma,0.99961936
meningioma/Te-me_0268.jpg,meningioma,meningioma,0.99936014
meningioma/Te-me_0269.jpg,meningioma,meningioma,0.99940497
meningioma/Te-me_0270.jpg,meningioma,meningioma,0.99572086
meningioma/Te-me_0271.jpg,meningioma,meningioma,0.99862057
meningioma/Te-me_0272.jpg,meningioma,meningioma,0.99995244
meningioma/Te-me_0273.jpg,meningioma,meningioma,0.99994063
meningioma/Te-me_0274.jpg,meningioma,meningioma,0.9997015
meningioma/Te-me_0275.jpg,meningioma,meningioma,0.999847
meningioma/Te-me_0276.jpg,meningioma,meningioma,0.9994031
meningioma/Te-me_0277.jpg,meningioma,meningioma,0.99906737
meningioma/Te-me_0278.jpg,meningioma,meningioma,0.9998936
meningioma/Te-me_0279.jpg,meningioma,meningioma,0.9999048
meningioma/Te-me_0280.jpg,meningioma,meningioma,0.9942356
meningioma/Te-me_0281.jpg,meningioma,meningioma,0.9999822
meningioma/Te-me_0282.jpg,meningioma,meningioma,0.9999522
meningioma/Te-me_0283.jpg,meningioma,meningioma,0.992396
meningioma/Te-me_0284.jpg,meningioma,meningioma,0.9998193
meningioma/Te-me_0285.jpg,meningioma,meningioma,0.99969983
meningioma/Te-me_0286.jpg,meningioma,meningioma,0.9610247
meningioma/Te-me_0287.jpg,meningioma,meningioma,0.9879539
meningioma/Te-me_0288.jpg,meningioma,meningioma,0.9979971
meningioma/Te-me_0289.jpg,meningioma,meningioma,0.9999467
meningioma/Te-me_0290.jpg,meningioma,meningioma,0.9962162
meningioma/Te-me_0291.jpg,meningioma,meningioma,0.99996823
meningioma/Te-me_0292.jpg,meningioma,meningioma,0.9740411
meningioma/Te-me_0293.jpg,meningioma,meningioma,0.99974346
meningioma/Te-me_0294.jpg,meningioma,meningioma,0.9999502
meningioma/Te-me_0295.jpg,meningioma,meningioma,0.9978777
meningioma/Te-me_0296.jpg,meningioma,meningioma,0.99969995
meningioma/Te-me_0297.jpg,meningioma,meningioma,0.9855856
meningioma/Te-me_0298.jpg,meningioma,meningioma,0.99988925
meningioma/Te-me_0299.jpg,meningioma,meningioma,0.99981284
meningioma/Te-me_0300.jpg,meningioma,meningioma,0.999659
meningioma/Te-me_0301.jpg,meningioma,meningioma,0.99993384
meningioma/Te-me_0302.jpg,meningioma,meningioma,0.99999213
meningioma/Te-me_0303.jpg,meningioma,meningioma,0.99996513
meningioma/Te-me_0304.jpg,meningioma,meningioma,0.9055742
meningioma/Te-me_0305.jpg,meningioma,meningioma,0.9996719
notumor/Te-noTr_0000.jpg,notumor,notumor,0.99970925
notumor/Te-noTr_0001.jpg,notumor,notumor,0.9999724
notumor/Te-noTr_0002.jpg,notumor,notumor,0.99995536
notumor/Te-noTr_0003.jpg,notumor,notumor,0.9999792
notumor/Te-noTr_0004.jpg,notumor,notumor,0.9999072
notumor/Te-noTr_0005.jpg,notumor,notumor,0.9988452
notumor/Te-noTr_0006.jpg,notumor,notumor,0.9997593
notumor/Te-noTr_0007.jpg,notumor,notumor,0.9999882
notumor/Te-noTr_0008.jpg,notumor,notumor,0.9999411
notumor/Te-noTr_0009.jpg,notumor,notumor,0.999968
notumor/Te-no_0010.jpg,notumor,notumor,0.9999837
notumor/Te-no_0011.jpg,notumor,notumor,0.99989235
notumor/Te-no_0012.jpg,notumor,notumor,0.9999822
notumor/Te-no_0013.jpg,notumor,notumor,0.98807544
notumor/Te-no_0014.jpg,notumor,notumor,0.9997542
notumor/Te-no_0015.jpg,notumor,notumor,0.99802774
notumor/Te-no_0016.jpg,notumor,notumor,0.9997117
notumor/Te-no_0017.jpg,notumor,notumor,0.99880606
notumor/Te-no_0018.jpg,notumor,notumor,0.9995768
notumor/Te-no_0019.jpg,notumor,notumor,0.9999877
notumor/Te-no_0020.jpg,notumor,notumor,0.99977905
notumor/Te-no_0021.jpg,notumor,notumor,0.99998456
notumor/Te-no_0022.jpg,notumor,notumor,0.9994934
notumor/Te-no_0023.jpg,notumor,notumor,0.9997436
notumor/Te-no_0024.jpg,notumor,notumor,0.9931961
notumor/Te-no_0025.jpg,notumor,notumor,0.99801147
notumor/Te-no_0026.jpg,notumor,notumor,0.9999893
notumor/Te-no_0027.jpg,notumor,notumor,0.99998385
notumor/Te-no_0028.jpg,notumor,notumor,0.9992796
notumor/Te-no_0029.jpg,notumor,notumor,0.995876
notumor/Te-no_0030.jpg,notumor,notumor,0.99962187
notumor/Te-no_0031.jpg,notumor,notumor,0.9999724
notumor/Te-no_0032.jpg,notumor,notumor,0.99999356
notumor/Te-no_0033.jpg,notumor,notumor,0.99993634
notumor/Te-no_0034.jpg,notumor,notumor,0.99999034
notumor/Te-no_0035.jpg,notumor,notumor,0.9984783
notumor/Te-no_0036.jpg,notumor,notumor,0.9999612
notumor/Te-no_0037.jpg,notumor,notumor,0.9999951
notumor/Te-no_0038.jpg,notumor,notumor,0.99964714
notumor/Te-no_0039.jpg,notumor,notumor,0.99999917
notumor/Te-no_0040.jpg,notumor,notumor,0.999921
notumor/Te-no_0041.jpg,notumor,notumor,0.99994636
notumor/Te-no_0042.jpg,notumor,notumor,0.9999901
notumor/Te-no_0043.jpg,notumor,notumor,0.9999975
notumor/Te-no_0044.jpg,notumor,notumor,0.9999822
notumor/Te-no_0045.jpg,notumor,notumor,0.9997253
notumor/Te-no_0046.jpg,notumor,notumor,0.99999535
notumor/Te-no_0047.jpg,notumor,notumor,0.9999348
notumor/Te-no_0048.jpg,notumor,notumor,0.99989235
notumor/Te-no_0049.jpg,notumor,notumor,0.9999238
notumor/Te-no_0050.jpg,notumor,notumor,0.9997253
notumor/Te-no_0051.jpg,notumor,notumor,0.99994755
notumor/Te-no_0052.jpg,notumor,notumor,0.999921
notumor/Te-no_0053.jpg,notumor,notumor,0.99989235
notumor/Te-no_0054.jpg,notumor,notumor,0.9997253
notumor/Te-no_0055.jpg,notumor,notumor,0.9999822
notumor/Te-no_0056.jpg,notumor,notumor,0.99985117
notumor/Te-no_0057.jpg,notumor,notumor,0.9999914
notumor/Te-no_0058.jpg,notumor,notumor,0.99996895
notumor/Te-no_0059.jpg,notumor,notumor,0.9999906
notumor/Te-no_0060.jpg,notumor,notumor,0.9999882
notumor/Te-no_0061.jpg,notumor,notumor,0.9999822
notumor/Te-no_0062.jpg,notumor,notumor,0.9999877
notumor/Te-no_0063.jpg,notumor,notumor,0.9999914
notumor/Te-no_0064.jpg,notumor,notumor,0.99998397
notumor/Te-no_0065.jpg,notumor,notumor,0.99962187
notumor/Te-no_0066.jpg,notumor,notumor,0.9999474
notumor/Te-no_0067.jpg,notumor,notumor,0.9999724
notumor/Te-no_0068.jpg,notumor,notumor,0.99989235
notumor/Te-no_0069.jpg,notumor,notumor,0.995876
notumor/Te-no_0070.jpg,notumor,notumor,0.9995768
notumor/Te-no_0071.jpg,notumor,notumor,0.9995999
notumor/Te-no_0072.jpg,notumor,notumor,0.99998456
notumor/Te-no_0073.jpg,notumor,notumor,0.9999877
notumor/Te-no_0074.jpg,notumor,notumor,0.9991737
notumor/Te-no_0075.jpg,notumor,notumor,0.9994934
notumor/Te-no_0076.jpg,notumor,notumor,0.9997099
notumor/Te-no_0077.jpg,notumor,notumor,0.9999348
notumor/Te-no_0078.jpg,notumor,notumor,0.99997586
notumor/Te-no_0079.jpg,notumor,notumor,0.9962497
notumor/Te-no_0080.jpg,notumor,notumor,0.9999843
notumor/Te-no_0081.jpg,notumor,notumor,0.9984783
notumor/Te-no_0082.jpg,notumor,notumor,0.99996454
notumor/Te-no_0083.jpg,notumor,notumor,0.99997014
notumor/Te-no_0084.jpg,notumor,notumor,0.9999724
notumor/Te-no_0085.jpg,notumor,notumor,0.99881214
notumor/Te-no_0086.jpg,notumor,notumor,0.99983025
notumor/Te-no_0087.jpg,notumor,notumor,0.99989235
notumor/Te-no_0088.jpg,notumor,notumor,0.9999882
notumor/Te-no_0089.jpg,notumor,notumor,0.99893874
notumor/Te-no_0090.jpg,notumor,notumor,0.9506077
notumor/Te-no_0091.jpg,notumor,notumor,0.9999976
notumor/Te-no_0092.jpg,notumor,notumor,0.9969175
notumor/Te-no_0093.jpg,notumor,notumor,0.99997014
notumor/Te-no_0094.jpg,notumor,notumor,0.999933
notumor/Te-no_0095.jpg,notumor,notumor,0.9855819
notumor/Te-no_0096.jpg,notumor,notumor,0.9997156
notumor/Te-no_0097.jpg,notumor,notumor,0.9999637
notumor/Te-no_0098.jpg,notumor,notumor,0.9999122
notumor/Te-no_0099.jpg,notumor,notumor,0.9998955
notumor/Te-no_0100.jpg,notumor,notumor,0.9999993
notumor/Te-no_0101.jpg,notumor,notumor,0.99972016
notumor/Te-no_0102.jpg,notumor,notumor,0.99999714
notumor/Te-no_0103.jpg,notumor,notumor,0.99999475
notumor/Te-no_0104.jpg,notumor,notumor,0.98924536
notumor/Te-no_0105.jpg,notumor,notumor,0.999729
notumor/Te-no_0106.jpg,notumor,notumor,0.99999607
notumor/Te-no_0107.jpg,notumor,notumor,0.9999924
notumor/Te-no_0108.jpg,notumor,notumor,0.99997526
notumor/Te-no_0109.jpg,notumor,notumor,0.9999993
notumor/Te-no_0110.jpg,notumor,notumor,0.9999944
notumor/Te-no_0111.jpg,notumor,notumor,0.9999774
notumor/Te-no_0112.jpg,notumor,notumor,0.99633837
notumor/Te-no_0113.jpg,notumor,notumor,0.9998027
notumor/Te-no_0114.jpg,notumor,notumor,0.99997884
notumor/Te-no_0115.jpg,notumor,notumor,0.9999887
notumor/Te-no_0116.jpg,notumor,notumor,0.9999856
notumor/Te-no_0117.jpg,notumor,notumor,0.99999964
notumor/Te-no_0118.jpg,notumor,notumor,0.999849
notumor/Te-no_0119.jpg,notumor,notumor,0.99999654
notumor/Te-no_0120.jpg,notumor,notumor,0.99953216
notumor/Te-no_0121.jpg,notumor,notumor,0.999852
notumor/Te-no_0122.jpg,notumor,notumor,0.99995655
notumor/Te-no_0123.jpg,notumor,notumor,0.9999958
notumor/Te-no_0124.jpg,notumor,notumor,0.99998605
notumor/Te-no_0125.jpg,notumor,notumor,0.99998665
notumor/Te-no_0126.jpg,notumor,notumor,0.9999183
notumor/Te-no_0127.jpg,notumor,notumor,0.99995786
notumor/Te-no_0128.jpg,notumor,notumor,0.99984795
notumor/Te-no_0129.jpg,notumor,notumor,0.9998139
notumor/Te-no_0130.jpg,notumor,notumor,0.9999711
notumor/Te-no_0131.jpg,notumor,notumor,0.99983984
notumor/Te-no_0132.jpg,notumor,notumor,0.99993885
notumor/Te-no_0133.jpg,notumor,notumor,0.9999705
notumor/Te-no_0134.jpg,notumor,notumor,0.99997634
notumor/Te-no_0135.jpg,notumor,notumor,0.9999856
notumor/Te-no_0136.jpg,notumor,notumor,0.99986553
notumor/Te-no_0137.jpg,notumor,notumor,0.999963
notumor/Te-no_0138.jpg,notumor,notumor,0.99997836
notumor/Te-no_0139.jpg,notumor,notumor,0.9997456
notumor/Te-no_0140.jpg,notumor,notumor,0.9999981
notumor/Te-no_0141.jpg,notumor,notumor,0.9999958
notumor/Te-no_0142.jpg,notumor,notumor,0.999987
notumor/Te-no_0143.jpg,notumor,notumor,0.99999774
notumor/Te-no_0144.jpg,notumor,notumor,0.99999714
notumor/Te-no_0145.jpg,notumor,notumor,0.9999951
notumor/Te-no_0146.jpg,notumor,notumor,0.9999924
notumor/Te-no_0147.jpg,notumor,notumor,0.9999692
notumor/Te-no_0148.jpg,notumor,notumor,0.99999726
notumor/Te-no_0149.jpg,notumor,notumor,0.9999869
notumor/Te-no_0150.jpg,notumor,notumor,0.99993443
notumor/Te-no_0151.jpg,notumor,notumor,0.99997586
notumor/Te-no_0152.jpg,notumor,notumor,0.99993384
notumor/Te-no_0153.jpg,notumor,notumor,0.99993753
notumor/Te-no_0154.jpg,notumor,notumor,0.9999893
notumor/Te-no_0155.jpg,notumor,notumor,0.99942416
notumor/Te-no_0156.jpg,notumor,notumor,0.99964476
notumor/Te-no_0157.jpg,notumor,notumor,0.9999851
notumor/Te-no_0158.jpg,notumor,notumor,0.9999214
notumor/Te-no_0159.jpg,notumor,notumor,0.9999927
notumor/Te-no_0160.jpg,notumor,notumor,0.9999987
notumor/Te-no_0161.jpg,notumor,notumor,0.9999938
notumor/Te-no_0162.jpg,notumor,notumor,0.9999931
notumor/Te-no_0163.jpg,notumor,notumor,0.99994636
notumor/Te-no_0164.jpg,notumor,notumor,0.99998206
notumor/Te-no_0165.jpg,notumor,notumor,0.99996656
notumor/Te-no_0166.jpg,notumor,notumor,0.9999864
notumor/Te-no_0167.jpg,notumor,notumor,0.99999344
notumor/Te-no_0168.jpg,notumor,notumor,0.9999669
notumor/Te-no_0169.jpg,notumor,notumor,0.99989563
notumor/Te-no_0170.jpg,notumor,notumor,0.9999649
notumor/Te-no_0171.jpg,notumor,notumor,0.99998534
notumor/Te-no_0172.jpg,notumor,notumor,0.9999924
notumor/Te-no_0173.jpg,notumor,notumor,0.9999976
notumor/Te-no_0174.jpg,notumor,notumor,0.9998156
notumor/Te-no_0175.jpg,notumor,notumor,0.99997455
notumor/Te-no_0176.jpg,notumor,notumor,0.99999285
notumor/Te-no_0177.jpg,notumor,notumor,0.99993956
notumor/Te-no_0178.jpg,notumor,notumor,0.9999896
notumor/Te-no_0179.jpg,notumor,notumor,0.9999945
notumor/Te-no_0180.jpg,notumor,notumor,0.9999587
notumor/Te-no_0181.jpg,notumor,notumor,0.9999906
notumor/Te-no_0182.jpg,notumor,notumor,0.9999925
notumor/Te-no_0183.jpg,notumor,notumor,0.99999285
notumor/Te-no_0184.jpg,notumor,notumor,0.9996682
notumor/Te-no_0185.jpg,notumor,notumor,0.99999547
notumor/Te-no_0186.jpg,notumor,notumor,0.999635
notumor/Te-no_0187.jpg,notumor,notumor,0.99997574
notumor/Te-no_0188.jpg,notumor,notumor,0.9999976
notumor/Te-no_0189.jpg,notumor,notumor,0.999997
notumor/Te-no_0190.jpg,notumor,notumor,0.9999995
notumor/Te-no_0191.jpg,notumor,notumor,0.99988794
notumor/Te-no_0192.jpg,notumor,notumor,0.999998
notumor/Te-no_0193.jpg,notumor,notumor,0.99999964
notumor/Te-no_0194.jpg,notumor,notumor,0.99648374
notumor/Te-no_0195.jpg,notumor,notumor,0.99999964
notumor/Te-no_0196.jpg,notumor,notumor,0.9999779
notumor/Te-no_0197.jpg,notumor,notumor,0.99988234
notumor/Te-no_0198.jpg,notumor,notumor,0.99999666
notumor/Te-no_0199.jpg,notumor,notumor,0.99999845
notumor/Te-no_0200.jpg,notumor,notumor,0.9999988
notumor/Te-no_0201.jpg,notumor,notumor,0.9999657
notumor/Te-no_0202.jpg,notumor,notumor,0.99999845
notumor/Te-no_0203.jpg,notumor,notumor,0.9999335
notumor/Te-no_0204.jpg,notumor,notumor,0.9999974
notumor/Te-no_0205.jpg,notumor,notumor,0.999973
notumor/Te-no_0206.jpg,notumor,notumor,0.9998685
notumor/Te-no_0207.jpg,notumor,notumor,0.99999917
notumor/Te-no_0208.jpg,notumor,notumor,0.9999749
notumor/Te-no_0209.jpg,notumor,notumor,0.9999938
notumor/Te-no_0210.jpg,notumor,notumor,0.9993284
notumor/Te-no_0211.jpg,notumor,notumor,0.9999355
notumor/Te-no_0212.jpg,notumor,notumor,0.99998194
notumor/Te-no_0213.jpg,notumor,notumor,0.99998146
notumor/Te-no_0214.jpg,notumor,notumor,0.9999902
notumor/Te-no_0215.jpg,notumor,notumor,0.9999888
notumor/Te-no_0216.jpg,notumor,notumor,0.99989575
notumor/Te-no_0217.jpg,notumor,notumor,0.9999656
notumor/Te-no_0218.jpg,notumor,notumor,0.9998832
notumor/Te-no_0219.jpg,notumor,notumor,0.9999924
notumor/Te-no_0220.jpg,notumor,notumor,0.99991804
notumor/Te-no_0221.jpg,notumor,notumor,0.99996203
notumor/Te-no_0222.jpg,notumor,notumor,0.99994516
notumor/Te-no_0223.jpg,notumor,notumor,0.9999042
notumor/Te-no_0224.jpg,notumor,notumor,0.99999785
notumor/Te-no_0225.jpg,notumor,notumor,0.9994421
notumor/Te-no_0226.jpg,notumor,notumor,0.9996608
notumor/Te-no_0227.jpg,notumor,notumor,0.99999607
notumor/Te-no_0228.jpg,notumor,notumor,0.99542516
notumor/Te-no_0229.jpg,notumor,notumor,0.99999475
notumor/Te-no_0230.jpg,notumor,notumor,0.99998546
notumor/Te-no_0231.jpg,notumor,notumor,0.9999938
notumor/Te-no_0232.jpg,notumor,notumor,0.99986863
notumor/Te-no_0233.jpg,notumor,notumor,0.99999785
notumor/Te-no_0234.jpg,notumor,notumor,0.9998292
notumor/Te-no_0235.jpg,notumor,notumor,0.9999805
notumor/Te-no_0236.jpg,notumor,notumor,0.9999667
notumor/Te-no_0237.jpg,notumor,notumor,0.99999034
notumor/Te-no_0238.jpg,notumor,notumor,0.99986947
notumor/Te-no_0239.jpg,notumor,notumor,0.9999829
notumor/Te-no_0240.jpg,notumor,notumor,0.999919
notumor/Te-no_0241.jpg,notumor,notumor,0.9998452
notumor/Te-no_0242.jpg,notumor,notumor,0.9998627
notumor/Te-no_0243.jpg,notumor,notumor,0.99995255
notumor/Te-no_0244.jpg,notumor,notumor,0.9999968
notumor/Te-no_0245.jpg,notumor,notumor,0.9999981
notumor/Te-no_0246.jpg,notumor,notumor,0.9999908
notumor/Te-no_0247.jpg,notumor,notumor,0.9999766
notumor/Te-no_0248.jpg,notumor,notumor,0.99999964
notumor/Te-no_0249.jpg,notumor,notumor,0.99999785
notumor/Te-no_0250.jpg,notumor,notumor,0.99996966
notumor/Te-no_0251.jpg,notumor,notumor,0.99999154
notumor/Te-no_0252.jpg,notumor,notumor,0.99997526
notumor/Te-no_0253.jpg,notumor,notumor,0.99997383
notumor/Te-no_0254.jpg,notumor,notumor,0.99993396
notumor/Te-no_0255.jpg,notumor,notumor,0.99999857
notumor/Te-no_0256.jpg,notumor,notumor,0.9999858
notumor/Te-no_0257.jpg,notumor,notumor,0.99999976
notumor/Te-no_0258.jpg,notumor,notumor,0.99999785
notumor/Te-no_0259.jpg,notumor,notumor,0.99999
notumor/Te-no_0260.jpg,notumor,notumor,0.9999474
notumor/Te-no_0261.jpg,notumor,notumor,0.99998844
notumor/Te-no_0262.jpg,notumor,notumor,0.9991062
notumor/Te-no_0263.jpg,notumor,notumor,0.9999949
notumor/Te-no_0264.jpg,notumor,notumor,0.9999858
notumor/Te-no_0265.jpg,notumor,notumor,0.9999871
notumor/Te-no_0266.jpg,notumor,notumor,0.9999877
notumor/Te-no_0267.jpg,notumor,notumor,0.99999785
notumor/Te-no_0268.jpg,notumor,notumor,0.99997884
notumor/Te-no_0269.jpg,notumor,notumor,0.99999416
notumor/Te-no_0270.jpg,notumor,notumor,0.9999982
notumor/Te-no_0271.jpg,notumor,notumor,0.9999171
notumor/Te-no_0272.jpg,notumor,notumor,0.99650156
notumor/Te-no_0273.jpg,notumor,notumor,0.9999863
notumor/Te-no_0274.jpg,notumor,notumor,0.9999767
notumor/Te-no_0275.jpg,notumor,notumor,0.9999982
notumor/Te-no_0276.jpg,notumor,notumor,0.9999009
notumor/Te-no_0277.jpg,notumor,notumor,0.9999962
notumor/Te-no_0278.jpg,notumor,notumor,0.99999714
notumor/Te-no_0279.jpg,notumor,notumor,0.9999993
notumor/Te-no_0280.jpg,notumor,notumor,0.99997705
notumor/Te-no_0281.jpg,notumor,notumor,0.9999811
notumor/Te-no_0282.jpg,notumor,notumor,0.9998146
notumor/Te-no_0283.jpg,notumor,notumor,0.99999094
notumor/Te-no_0284.jpg,notumor,notumor,0.9999877
notumor/Te-no_0285.jpg,notumor,notumor,0.9999774
notumor/Te-no_0286.jpg,notumor,notumor,0.9999797
notumor/Te-no_0287.jpg,notumor,notumor,0.9998972
notumor/Te-no_0288.jpg,notumor,notumor,0.9999497
notumor/Te-no_0289.jpg,notumor,notumor,0.99993527
notumor/Te-no_0290.jpg,notumor,notumor,0.99977964
notumor/Te-no_0291.jpg,notumor,notumor,0.99999595
notumor/Te-no_0292.jpg,notumor,notumor,0.9998894
notumor/Te-no_0293.jpg,notumor,notumor,0.99999976
notumor/Te-no_0294.jpg,notumor,notumor,0.9999851
notumor/Te-no_0295.jpg,notumor,notumor,0.9999852
notumor/Te-no_0296.jpg,notumor,notumor,0.9999336
notumor/Te-no_0297.jpg,notumor,notumor,0.9999822
notumor/Te-no_0298.jpg,notumor,notumor,0.99964786
notumor/Te-no_0299.jpg,notumor,notumor,0.99999666
notumor/Te-no_0300.jpg,notumor,notumor,0.99993765
notumor/Te-no_0301.jpg,notumor,notumor,0.9999779
notumor/Te-no_0302.jpg,notumor,notumor,0.99993324
notumor/Te-no_0303.jpg,notumor,notumor,0.99998724
notumor/Te-no_0304.jpg,notumor,notumor,0.9997912
notumor/Te-no_0305.jpg,notumor,notumor,0.9999424
notumor/Te-no_0306.jpg,notumor,notumor,0.9999869
notumor/Te-no_0307.jpg,notumor,notumor,0.999882
notumor/Te-no_0308.jpg,notumor,notumor,0.99998313
notumor/Te-no_0309.jpg,notumor,notumor,0.99997944
notumor/Te-no_0310.jpg,notumor,notumor,0.9999863
notumor/Te-no_0311.jpg,notumor,notumor,0.99986863
notumor/Te-no_0312.jpg,notumor,notumor,0.9998901
notumor/Te-no_0313.jpg,notumor,notumor,0.9999177
notumor/Te-no_0314.jpg,notumor,notumor,0.9999729
notumor/Te-no_0315.jpg,notumor,notumor,0.99996465
notumor/Te-no_0316.jpg,notumor,notumor,0.99999976
notumor/Te-no_0317.jpg,notumor,notumor,0.99999976
notumor/Te-no_0318.jpg,notumor,notumor,0.9970753
notumor/Te-no_0319.jpg,notumor,notumor,0.9999191
notumor/Te-no_0320.jpg,notumor,notumor,0.99997896
notumor/Te-no_0321.jpg,notumor,notumor,0.99983877
notumor/Te-no_0322.jpg,notumor,notumor,0.9999975
notumor/Te-no_0323.jpg,notumor,notumor,0.9999919
notumor/Te-no_0324.jpg,notumor,notumor,0.9999901
notumor/Te-no_0325.jpg,notumor,notumor,0.99988604
notumor/Te-no_0326.jpg,notumor,notumor,0.99996847
notumor/Te-no_0327.jpg,notumor,notumor,0.9999999
notumor/Te-no_0328.jpg,notumor,notumor,0.99999464
notumor/Te-no_0329.jpg,notumor,notumor,0.99998534
notumor/Te-no_0330.jpg,notumor,notumor,0.99997324
notumor/Te-no_0331.jpg,notumor,notumor,0.99996215
notumor/Te-no_0332.jpg,notumor,notumor,0.99999535
notumor/Te-no_0333.jpg,notumor,notumor,0.9999822
notumor/Te-no_0334.jpg,notumor,notumor,0.99759984
notumor/Te-no_0335.jpg,notumor,notumor,0.99999774
notumor/Te-no_0336.jpg,notumor,notumor,0.99995077
notumor/Te-no_0337.jpg,notumor,notumor,0.9999773
notumor/Te-no_0338.jpg,notumor,notumor,0.99999297
notumor/Te-no_0339.jpg,notumor,notumor,0.99999666
notumor/Te-no_0340.jpg,notumor,notumor,0.9999962
notumor/Te-no_0341.jpg,notumor,notumor,0.9999028
notumor/Te-no_0342.jpg,notumor,notumor,0.9999976
notumor/Te-no_0343.jpg,notumor,notumor,0.99997824
notumor/Te-no_0344.jpg,notumor,notumor,0.99699366
notumor/Te-no_0345.jpg,notumor,notumor,0.9999822
notumor/Te-no_0346.jpg,notumor,notumor,0.9997924
notumor/Te-no_0347.jpg,notumor,notumor,0.99996525
notumor/Te-no_0348.jpg,notumor,notumor,0.99991125
notumor/Te-no_0349.jpg,notumor,notumor,0.9995805
notumor/Te-no_0350.jpg,notumor,notumor,0.99960417
notumor/Te-no_0351.jpg,notumor,notumor,0.9999851
notumor/Te-no_0352.jpg,notumor,notumor,0.9999902
notumor/Te-no_0353.jpg,notumor,notumor,0.99999475
notumor/Te-no_0354.jpg,notumor,notumor,0.99993634
notumor/Te-no_0355.jpg,notumor,notumor,0.9999982
notumor/Te-no_0356.jpg,notumor,notumor,0.9999741
notumor/Te-no_0357.jpg,notumor,notumor,0.9999851
notumor/Te-no_0358.jpg,notumor,notumor,0.9999937
notumor/Te-no_0359.jpg,notumor,notumor,0.9999743
notumor/Te-no_0360.jpg,notumor,notumor,0.99995065
notumor/Te-no_0361.jpg,notumor,notumor,0.9999994
notumor/Te-no_0362.jpg,notumor,notumor,0.9998395
notumor/Te-no_0363.jpg,notumor,notumor,0.9999939
notumor/Te-no_0364.jpg,notumor,notumor,0.9999343
notumor/Te-no_0365.jpg,notumor,notumor,0.9998539
notumor/Te-no_0366.jpg,notumor,notumor,0.99993014
notumor/Te-no_0367.jpg,notumor,notumor,0.99999976
notumor/Te-no_0368.jpg,notumor,notumor,0.9999643
notumor/Te-no_0369.jpg,notumor,notumor,0.99991494
notumor/Te-no_0370.jpg,notumor,notumor,0.9999418
notumor/Te-no_0371.jpg,notumor,notumor,0.9999079
notumor/Te-no_0372.jpg,notumor,notumor,0.99983937
notumor/Te-no_0373.jpg,notumor,notumor,0.99993706
notumor/Te-no_0374.jpg,notumor,notumor,0.99999535
notumor/Te-no_0375.jpg,notumor,notumor,0.9993046
notumor/Te-no_0376.jpg,notumor,notumor,0.9999982
notumor/Te-no_0377.jpg,notumor,notumor,0.9999852
notumor/Te-no_0378.jpg,notumor,notumor,0.9999078
notumor/Te-no_0379.jpg,notumor,notumor,0.9999969
notumor/Te-no_0380.jpg,notumor,notumor,0.99997026
notumor/Te-no_0381.jpg,notumor,notumor,0.99996775
notumor/Te-no_0382.jpg,notumor,notumor,1.0
notumor/Te-no_0383.jpg,notumor,notumor,0.9999804
notumor/Te-no_0384.jpg,notumor,notumor,0.99997145
notumor/Te-no_0385.jpg,notumor,notumor,0.99999964
notumor/Te-no_0386.jpg,notumor,notumor,0.9999962
notumor/Te-no_0387.jpg,notumor,notumor,0.99985904
notumor/Te-no_0388.jpg,notumor,notumor,0.9999857
notumor/Te-no_0389.jpg,notumor,notumor,0.99999034
notumor/Te-no_0390.jpg,notumor,notumor,0.99999785
notumor/Te-no_0391.jpg,notumor,notumor,0.9999692
notumor/Te-no_0392.jpg,notumor,notumor,0.99999213
notumor/Te-no_0393.jpg,notumor,notumor,0.9998659
notumor/Te-no_0394.jpg,notumor,notumor,0.9999398
notumor/Te-no_0395.jpg,notumor,notumor,0.99993074
notumor/Te-no_0396.jpg,notumor,notumor,0.9999975
notumor/Te-no_0397.jpg,notumor,notumor,0.9999969
notumor/Te-no_0398.jpg,notumor,notumor,0.99999976
notumor/Te-no_0399.jpg,notumor,notumor,0.9999938
notumor/Te-no_0400.jpg,notumor,notumor,0.99999344
notumor/Te-no_0401.jpg,notumor,notumor,0.99999917
notumor/Te-no_0402.jpg,notumor,notumor,0.9991479
notumor/Te-no_0403.jpg,notumor,notumor,0.9999072
notumor/Te-no_0404.jpg,notumor,notumor,0.999976
pituitary/Te-piTr_0000.jpg,pituitary,pituitary,0.9999893
pituitary/Te-piTr_0001.jpg,pituitary,pituitary,0.9999999
pituitary/Te-piTr_0002.jpg,pituitary,meningioma,0.93130547
pituitary/Te-piTr_0003.jpg,pituitary,pituitary,0.9999994
pituitary/Te-piTr_0004.jpg,pituitary,pituitary,0.9999939
pituitary/Te-piTr_0005.jpg,pituitary,pituitary,0.9999611
pituitary/Te-piTr_0006.jpg,pituitary,pituitary,0.9987142
pituitary/Te-piTr_0007.jpg,pituitary,pituitary,0.99996847
pituitary/Te-piTr_0008.jpg,pituitary,pituitary,0.9999686
pituitary/Te-piTr_0009.jpg,pituitary,pituitary,0.9999422
pituitary/Te-pi_0010.jpg,pituitary,pituitary,0.9999938
pituitary/Te-pi_0011.jpg,pituitary,pituitary,0.9999988
pituitary/Te-pi_0012.jpg,pituitary,pituitary,0.99988425
pituitary/Te-pi_0013.jpg,pituitary,pituitary,0.9997888
pituitary/Te-pi_0014.jpg,pituitary,pituitary,0.99999356
pituitary/Te-pi_0015.jpg,pituitary,pituitary,0.9999964
pituitary/Te-pi_0016.jpg,pituitary,pituitary,0.9988986
pituitary/Te-pi_0017.jpg,pituitary,pituitary,0.9999555
pituitary/Te-pi_0018.jpg,pituitary,pituitary,0.999951
pituitary/Te-pi_0019.jpg,pituitary,pituitary,0.99772805
pituitary/Te-pi_0020.jpg,pituitary,pituitary,0.99998677
pituitary/Te-pi_0021.jpg,pituitary,pituitary,0.9999699
pituitary/Te-pi_0022.jpg,pituitary,pituitary,0.9999133
pituitary/Te-pi_0023.jpg,pituitary,pituitary,0.99997693
pituitary/Te-pi_0024.jpg,pituitary,pituitary,0.99800634
pituitary/Te-pi_0025.jpg,pituitary,pituitary,0.88494724
pituitary/Te-pi_0026.jpg,pituitary,pituitary,0.99999714
pituitary/Te-pi_0027.jpg,pituitary,pituitary,0.9999875
pituitary/Te-pi_0028.jpg,pituitary,pituitary,0.99998146
pituitary/Te-pi_0029.jpg,pituitary,pituitary,0.9876407
pituitary/Te-pi_0030.jpg,pituitary,pituitary,0.99991864
pituitary/Te-pi_0031.jpg,pituitary,pituitary,0.9997776
pituitary/Te-pi_0032.jpg,pituitary,pituitary,0.99910563
pituitary/Te-pi_0033.jpg,pituitary,pituitary,0.9999889
pituitary/Te-pi_0034.jpg,pituitary,pituitary,0.9999939
pituitary/Te-pi_0035.jpg,pituitary,pituitary,0.9999976
pituitary/Te-pi_0036.jpg,pituitary,pituitary,0.9998521
pituitary/Te-pi_0037.jpg,pituitary,pituitary,0.99998313
pituitary/Te-pi_0038.jpg,pituitary,pituitary,0.99975586
pituitary/Te-pi_0039.jpg,pituitary,pituitary,0.9999459
pituitary/Te-pi_0040.jpg,pituitary,pituitary,0.9999913
pituitary/Te-pi_0041.jpg,pituitary,pituitary,0.99999857
pituitary/Te-pi_0042.jpg,pituitary,pituitary,0.99997085
pituitary/Te-pi_0043.jpg,pituitary,pituitary,0.9996408
pituitary/Te-pi_0044.jpg,pituitary,pituitary,0.99997216
pituitary/Te-pi_0045.jpg,pituitary,pituitary,0.9999238
pituitary/Te-pi_0046.jpg,pituitary,pituitary,0.9999987
pituitary/Te-pi_0047.jpg,pituitary,pituitary,0.9999999
pituitary/Te-pi_0048.jpg,pituitary,pituitary,0.9999937
pituitary/Te-pi_0049.jpg,pituitary,pituitary,0.9999989
pituitary/Te-pi_0050.jpg,pituitary,pituitary,0.9999841
pituitary/Te-pi_0051.jpg,pituitary,pituitary,0.9993794
pituitary/Te-pi_0052.jpg,pituitary,pituitary,0.99999917
pituitary/Te-pi_0053.jpg,pituitary,pituitary,0.99999523
pituitary/Te-pi_0054.jpg,pituitary,pituitary,0.9986414
pituitary/Te-pi_0055.jpg,pituitary,pituitary,0.9999981
pituitary/Te-pi_0056.jpg,pituitary,pituitary,0.99996275
pituitary/Te-pi_0057.jpg,pituitary,pituitary,0.99998456
pituitary/Te-pi_0058.jpg,pituitary,pituitary,0.99995524
pituitary/Te-pi_0059.jpg,pituitary,pituitary,0.99999714
pituitary/Te-pi_0060.jpg,pituitary,pituitary,0.99989045
pituitary/Te-pi_0061.jpg,pituitary,pituitary,0.999998
pituitary/Te-pi_0062.jpg,pituitary,pituitary,0.9998199
pituitary/Te-pi_0063.jpg,pituitary,pituitary,0.99956834
pituitary/Te-pi_0064.jpg,pituitary,pituitary,0.9998838
pituitary/Te-pi_0065.jpg,pituitary,pituitary,0.9999919
pituitary/Te-pi_0066.jpg,pituitary,pituitary,0.9999811
pituitary/Te-pi_0067.jpg,pituitary,pituitary,0.9999989
pituitary/Te-pi_0068.jpg,pituitary,pituitary,0.9933479
pituitary/Te-pi_0069.jpg,pituitary,pituitary,0.9997444
pituitary/Te-pi_0070.jpg,pituitary,pituitary,0.99980026
pituitary/Te-pi_0071.jpg,pituitary,pituitary,0.999
pituitary/Te-pi_0072.jpg,pituitary,pituitary,0.9988502
pituitary/Te-pi_0073.jpg,pituitary,pituitary,0.9997077
pituitary/Te-pi_0074.jpg,pituitary,pituitary,0.9999865
pituitary/Te-pi_0075.jpg,pituitary,pituitary,0.999674
pituitary/Te-pi_0076.jpg,pituitary,pituitary,0.9999852
pituitary/Te-pi_0077.jpg,pituitary,pituitary,0.99998593
pituitary/Te-pi_0078.jpg,pituitary,pituitary,0.9984309
pituitary/Te-pi_0079.jpg,pituitary,pituitary,0.9998089
pituitary/Te-pi_0080.jpg,pituitary,pituitary,0.99998844
pituitary/Te-pi_0081.jpg,pituitary,pituitary,0.9999785
pituitary/Te-pi_0082.jpg,pituitary,pituitary,0.99998724
pituitary/Te-pi_0083.jpg,pituitary,pituitary,0.9999988
pituitary/Te-pi_0084.jpg,pituitary,pituitary,0.9999932
pituitary/Te-pi_0085.jpg,pituitary,pituitary,0.9999957
pituitary/Te-pi_0086.jpg,pituitary,pituitary,0.99998987
pituitary/Te-pi_0087.jpg,pituitary,pituitary,0.9999876
pituitary/Te-pi_0088.jpg,pituitary,pituitary,0.9999912
pituitary/Te-pi_0089.jpg,pituitary,pituitary,0.99999785
pituitary/Te-pi_0090.jpg,pituitary,pituitary,0.9999999
pituitary/Te-pi_0091.jpg,pituitary,pituitary,0.9999994
pituitary/Te-pi_0092.jpg,pituitary,pituitary,0.99999034
pituitary/Te-pi_0093.jpg,pituitary,pituitary,0.9999274
pituitary/Te-pi_0094.jpg,pituitary,pituitary,0.9999362
pituitary/Te-pi_0095.jpg,pituitary,pituitary,0.9999642
pituitary/Te-pi_0096.jpg,pituitary,pituitary,0.9999989
pituitary/Te-pi_0097.jpg,pituitary,pituitary,0.99999714
pituitary/Te-pi_0098.jpg,pituitary,pituitary,0.9999937
pituitary/Te-pi_0099.jpg,pituitary,pituitary,0.99986625
pituitary/Te-pi_0100.jpg,pituitary,pituitary,0.99999964
pituitary/Te-pi_0101.jpg,pituitary,pituitary,0.9999999
pituitary/Te-pi_0102.jpg,pituitary,pituitary,0.9999981
pituitary/Te-pi_0103.jpg,pituitary,pituitary,0.9996797
pituitary/Te-pi_0104.jpg,pituitary,pituitary,0.9998569
pituitary/Te-pi_0105.jpg,pituitary,pituitary,0.9999876
pituitary/Te-pi_0106.jpg,pituitary,pituitary,0.9986803
pituitary/Te-pi_0107.jpg,pituitary,pituitary,0.99999976
pituitary/Te-pi_0108.jpg,pituitary,pituitary,0.999985
pituitary/Te-pi_0109.jpg,pituitary,pituitary,0.99999833
pituitary/Te-pi_0110.jpg,pituitary,pituitary,0.99999726
pituitary/Te-pi_0111.jpg,pituitary,pituitary,0.9999756
pituitary/Te-pi_0112.jpg,pituitary,pituitary,0.9999454
pituitary/Te-pi_0113.jpg,pituitary,pituitary,0.9994978
pituitary/Te-pi_0114.jpg,pituitary,pituitary,0.99949944
pituitary/Te-pi_0115.jpg,pituitary,pituitary,0.99998677
pituitary/Te-pi_0116.jpg,pituitary,pituitary,0.9999208
pituitary/Te-pi_0117.jpg,pituitary,pituitary,0.99999774
pituitary/Te-pi_0118.jpg,pituitary,pituitary,0.99999976
pituitary/Te-pi_0119.jpg,pituitary,pituitary,0.99996525
pituitary/Te-pi_0120.jpg,pituitary,pituitary,0.9999913
pituitary/Te-pi_0121.jpg,pituitary,pituitary,0.99999166
pituitary/Te-pi_0122.jpg,pituitary,pituitary,0.9999316
pituitary/Te-pi_0123.jpg,pituitary,pituitary,0.99999774
pituitary/Te-pi_0124.jpg,pituitary,pituitary,0.9999927
pituitary/Te-pi_0125.jpg,pituitary,pituitary,0.9998225
pituitary/Te-pi_0126.jpg,pituitary,pituitary,0.9998679
pituitary/Te-pi_0127.jpg,pituitary,pituitary,0.99999726
pituitary/Te-pi_0128.jpg,pituitary,pituitary,0.9997413
pituitary/Te-pi_0129.jpg,pituitary,pituitary,0.99994135
pituitary/Te-pi_0130.jpg,pituitary,pituitary,0.99983567
pituitary/Te-pi_0131.jpg,pituitary,pituitary,0.9999856
pituitary/Te-pi_0132.jpg,pituitary,pituitary,0.99992394
pituitary/Te-pi_0133.jpg,pituitary,pituitary,0.9999098
pituitary/Te-pi_0134.jpg,pituitary,pituitary,0.9999975
pituitary/Te-pi_0135.jpg,pituitary,pituitary,0.99999046
pituitary/Te-pi_0136.jpg,pituitary,pituitary,0.99999976
pituitary/Te-pi_0137.jpg,pituitary,pituitary,0.99909294
pituitary/Te-pi_0138.jpg,pituitary,pituitary,0.9999882
pituitary/Te-pi_0139.jpg,pituitary,pituitary,0.9999741
pituitary/Te-pi_0140.jpg,pituitary,pituitary,0.99990445
pituitary/Te-pi_0141.jpg,pituitary,pituitary,0.99990374
pituitary/Te-pi_0142.jpg,pituitary,pituitary,0.99999464
pituitary/Te-pi_0143.jpg,pituitary,pituitary,0.9999943
pituitary/Te-pi_0144.jpg,pituitary,pituitary,0.9999958
pituitary/Te-pi_0145.jpg,pituitary,pituitary,0.9999964
pituitary/Te-pi_0146.jpg,pituitary,pituitary,0.9999443
pituitary/Te-pi_0147.jpg,pituitary,pituitary,0.9987537
pituitary/Te-pi_0148.jpg,pituitary,pituitary,0.99996847
pituitary/Te-pi_0149.jpg,pituitary,pituitary,0.99999523
pituitary/Te-pi_0150.jpg,pituitary,pituitary,0.99998474
pituitary/Te-pi_0151.jpg,pituitary,pituitary,0.99999666
pituitary/Te-pi_0152.jpg,pituitary,pituitary,0.99347377
pituitary/Te-pi_0153.jpg,pituitary,pituitary,0.99990934
pituitary/Te-pi_0154.jpg,pituitary,pituitary,0.99996465
pituitary/Te-pi_0155.jpg,pituitary,pituitary,0.9999988
pituitary/Te-pi_0156.jpg,pituitary,pituitary,0.9956176
pituitary/Te-pi_0157.jpg,pituitary,pituitary,0.999992
pituitary/Te-pi_0158.jpg,pituitary,pituitary,0.99967235
pituitary/Te-pi_0159.jpg,pituitary,pituitary,0.9999829
pituitary/Te-pi_0160.jpg,pituitary,pituitary,0.9998931
pituitary/Te-pi_0161.jpg,pituitary,pituitary,0.99999714
pituitary/Te-pi_0162.jpg,pituitary,pituitary,0.99956834
pituitary/Te-pi_0163.jpg,pituitary,pituitary,0.99943334
pituitary/Te-pi_0164.jpg,pituitary,pituitary,0.99820286
pituitary/Te-pi_0165.jpg,pituitary,pituitary,0.9999988
pituitary/Te-pi_0166.jpg,pituitary,pituitary,0.9999888
pituitary/Te-pi_0167.jpg,pituitary,pituitary,0.9999981
pituitary/Te-pi_0168.jpg,pituitary,pituitary,0.9999949
pituitary/Te-pi_0169.jpg,pituitary,pituitary,0.9999925
pituitary/Te-pi_0170.jpg,pituitary,pituitary,0.99995184
pituitary/Te-pi_0171.jpg,pituitary,pituitary,0.9596049
pituitary/Te-pi_0172.jpg,pituitary,pituitary,0.9999448
pituitary/Te-pi_0173.jpg,pituitary,pituitary,0.999998
pituitary/Te-pi_0174.jpg,pituitary,pituitary,0.99922854
pituitary/Te-pi_0175.jpg,pituitary,pituitary,0.9995667
pituitary/Te-pi_0176.jpg,pituitary,pituitary,0.99999976
pituitary/Te-pi_0177.jpg,pituitary,pituitary,0.9999434
pituitary/Te-pi_0178.jpg,pituitary,pituitary,0.99993205
pituitary/Te-pi_0179.jpg,pituitary,pituitary,0.99958384
pituitary/Te-pi_0180.jpg,pituitary,pituitary,0.9999072
pituitary/Te-pi_0181.jpg,pituitary,pituitary,0.9999725
pituitary/Te-pi_0182.jpg,pituitary,pituitary,0.9998949
pituitary/Te-pi_0183.jpg,pituitary,pituitary,0.99997836
pituitary/Te-pi_0184.jpg,pituitary,pituitary,0.99993944
pituitary/Te-pi_0185.jpg,pituitary,pituitary,0.9999661
pituitary/Te-pi_0186.jpg,pituitary,pituitary,0.9999729
pituitary/Te-pi_0187.jpg,pituitary,pituitary,0.99989337
pituitary/Te-pi_0188.jpg,pituitary,pituitary,0.7031404
pituitary/Te-pi_0189.jpg,pituitary,pituitary,0.9999927
pituitary/Te-pi_0190.jpg,pituitary,pituitary,0.9997617
pituitary/Te-pi_0191.jpg,pituitary,pituitary,0.99996704
pituitary/Te-pi_0192.jpg,pituitary,pituitary,0.99997324
pituitary/Te-pi_0193.jpg,pituitary,pituitary,0.9999798
pituitary/Te-pi_0194.jpg,pituitary,pituitary,0.9999976
pituitary/Te-pi_0195.jpg,pituitary,pituitary,0.99999547
pituitary/Te-pi_0196.jpg,pituitary,pituitary,0.99998796
pituitary/Te-pi_0197.jpg,pituitary,pituitary,0.9999379
pituitary/Te-pi_0198.jpg,pituitary,pituitary,0.99995786
pituitary/Te-pi_0199.jpg,pituitary,pituitary,0.9999748
pituitary/Te-pi_0200.jpg,pituitary,pituitary,0.999452
pituitary/Te-pi_0201.jpg,pituitary,pituitary,0.9999599
pituitary/Te-pi_0202.jpg,pituitary,pituitary,0.999997
pituitary/Te-pi_0203.jpg,pituitary,pituitary,0.9999989
pituitary/Te-pi_0204.jpg,pituitary,pituitary,0.9999958
pituitary/Te-pi_0205.jpg,pituitary,pituitary,0.9999982
pituitary/Te-pi_0206.jpg,pituitary,pituitary,0.99834037
pituitary/Te-pi_0207.jpg,pituitary,pituitary,0.99987185
pituitary/Te-pi_0208.jpg,pituitary,pituitary,0.9999989
pituitary/Te-pi_0209.jpg,pituitary,pituitary,0.9999994
pituitary/Te-pi_0210.jpg,pituitary,pituitary,0.9999969
pituitary/Te-pi_0211.jpg,pituitary,pituitary,0.99985677
pituitary/Te-pi_0212.jpg,pituitary,pituitary,0.9999857
pituitary/Te-pi_0213.jpg,pituitary,pituitary,0.9999999
pituitary/Te-pi_0214.jpg,pituitary,pituitary,0.999998
pituitary/Te-pi_0215.jpg,pituitary,pituitary,0.9999521
pituitary/Te-pi_0216.jpg,pituitary,pituitary,0.99959916
pituitary/Te-pi_0217.jpg,pituitary,pituitary,0.99755275
pituitary/Te-pi_0218.jpg,pituitary,pituitary,0.9999989
pituitary/Te-pi_0219.jpg,pituitary,pituitary,0.99999917
pituitary/Te-pi_0220.jpg,pituitary,pituitary,0.9999987
pituitary/Te-pi_0221.jpg,pituitary,pituitary,0.99999785
pituitary/Te-pi_0222.jpg,pituitary,pituitary,0.9996792
pituitary/Te-pi_0223.jpg,pituitary,pituitary,0.9999976
pituitary/Te-pi_0224.jpg,pituitary,pituitary,0.9762429
pituitary/Te-pi_0225.jpg,pituitary,pituitary,0.99999976
pituitary/Te-pi_0226.jpg,pituitary,pituitary,0.9999938
pituitary/Te-pi_0227.jpg,pituitary,pituitary,0.99997085
pituitary/Te-pi_0228.jpg,pituitary,pituitary,0.99999964
pituitary/Te-pi_0229.jpg,pituitary,pituitary,0.9999797
pituitary/Te-pi_0230.jpg,pituitary,pituitary,0.9999919
pituitary/Te-pi_0231.jpg,pituitary,pituitary,0.99999774
pituitary/Te-pi_0232.jpg,pituitary,pituitary,0.9999999
pituitary/Te-pi_0233.jpg,pituitary,pituitary,0.99998724
pituitary/Te-pi_0234.jpg,pituitary,pituitary,0.99999344
pituitary/Te-pi_0235.jpg,pituitary,pituitary,0.99999976
pituitary/Te-pi_0236.jpg,pituitary,pituitary,0.9999761
pituitary/Te-pi_0237.jpg,pituitary,pituitary,0.999323
pituitary/Te-pi_0238.jpg,pituitary,pituitary,0.99999285
pituitary/Te-pi_0239.jpg,pituitary,pituitary,0.9999957
pituitary/Te-pi_0240.jpg,pituitary,pituitary,0.9999988
pituitary/Te-pi_0241.jpg,pituitary,pituitary,0.99998784
pituitary/Te-pi_0242.jpg,pituitary,pituitary,0.99999475
pituitary/Te-pi_0243.jpg,pituitary,pituitary,0.9999982
pituitary/Te-pi_0244.jpg,pituitary,pituitary,0.999997
pituitary/Te-pi_0245.jpg,pituitary,pituitary,0.9999999
pituitary/Te-pi_0246.jpg,pituitary,pituitary,0.99998254
pituitary/Te-pi_0247.jpg,pituitary,pituitary,0.9999324
pituitary/Te-pi_0248.jpg,pituitary,pituitary,0.9999803
pituitary/Te-pi_0249.jpg,pituitary,pituitary,0.9999273
pituitary/Te-pi_0250.jpg,pituitary,pituitary,0.999597
pituitary/Te-pi_0251.jpg,pituitary,pituitary,0.9983983
pituitary/Te-pi_0252.jpg,pituitary,pituitary,0.9999963
pituitary/Te-pi_0253.jpg,pituitary,pituitary,0.9999755
pituitary/Te-pi_0254.jpg,pituitary,pituitary,0.9999731
pituitary/Te-pi_0255.jpg,pituitary,pituitary,0.9999994
pituitary/Te-pi_0256.jpg,pituitary,pituitary,0.99999964
pituitary/Te-pi_0257.jpg,pituitary,pituitary,0.999985
pituitary/Te-pi_0258.jpg,pituitary,pituitary,0.9999945
pituitary/Te-pi_0259.jpg,pituitary,pituitary,0.9999183
pituitary/Te-pi_0260.jpg,pituitary,pituitary,0.9999937
pituitary/Te-pi_0261.jpg,pituitary,pituitary,0.9999937
pituitary/Te-pi_0262.jpg,pituitary,pituitary,0.99999726
pituitary/Te-pi_0263.jpg,pituitary,pituitary,0.99999666
pituitary/Te-pi_0264.jpg,pituitary,pituitary,0.99999356
pituitary/Te-pi_0265.jpg,pituitary,pituitary,0.9997705
pituitary/Te-pi_0266.jpg,pituitary,pituitary,0.9999927
pituitary/Te-pi_0267.jpg,pituitary,pituitary,0.99941486
pituitary/Te-pi_0268.jpg,pituitary,pituitary,0.9997898
pituitary/Te-pi_0269.jpg,pituitary,pituitary,0.7520961
pituitary/Te-pi_0270.jpg,pituitary,pituitary,0.9999995
pituitary/Te-pi_0271.jpg,pituitary,pituitary,0.9999852
pituitary/Te-pi_0272.jpg,pituitary,pituitary,0.9997641
pituitary/Te-pi_0273.jpg,pituitary,pituitary,0.99997884
pituitary/Te-pi_0274.jpg,pituitary,pituitary,0.99996704
pituitary/Te-pi_0275.jpg,pituitary,pituitary,0.999987
pituitary/Te-pi_0276.jpg,pituitary,pituitary,0.9999864
pituitary/Te-pi_0277.jpg,pituitary,pituitary,0.99999034
pituitary/Te-pi_0278.jpg,pituitary,pituitary,0.9999943
pituitary/Te-pi_0279.jpg,pituitary,pituitary,0.99971527
pituitary/Te-pi_0280.jpg,pituitary,pituitary,0.9994478
pituitary/Te-pi_0281.jpg,pituitary,pituitary,0.9999731
pituitary/Te-pi_0282.jpg,pituitary,pituitary,0.9999981
pituitary/Te-pi_0283.jpg,pituitary,pituitary,0.9999729
pituitary/Te-pi_0284.jpg,pituitary,pituitary,0.9999812
pituitary/Te-pi_0285.jpg,pituitary,pituitary,0.9999719
pituitary/Te-pi_0286.jpg,pituitary,pituitary,0.99999917
pituitary/Te-pi_0287.jpg,pituitary,pituitary,0.9999969
pituitary/Te-pi_0288.jpg,pituitary,pituitary,0.99999845
pituitary/Te-pi_0289.jpg,pituitary,pituitary,0.99998266
pituitary/Te-pi_0290.jpg,pituitary,pituitary,0.9997014
pituitary/Te-pi_0291.jpg,pituitary,pituitary,0.9984709
pituitary/Te-pi_0292.jpg,pituitary,pituitary,0.99998456
pituitary/Te-pi_0293.jpg,pituitary,pituitary,0.9439812
pituitary/Te-pi_0294.jpg,pituitary,pituitary,0.99999774
pituitary/Te-pi_0295.jpg,pituitary,pituitary,0.99999833
pituitary/Te-pi_0296.jpg,pituitary,pituitary,0.99138993
pituitary/Te-pi_0297.jpg,pituitary,pituitary,0.9999994
pituitary/Te-pi_0298.jpg,pituitary,pituitary,0.9999281
pituitary/Te-pi_0299.jpg,pituitary,pituitary,0.9999032
